{"cameraMode":{"drawMode":0,"name":"Shaded","section":"Shading Mode"},"sceneLighting":true,"audioPlay":false,"sceneViewState":{"showFog":true,"showMaterialUpdate":false,"showSkybox":true,"showFlares":true,"showImageEffects":true,"showParticleSystems":true},"in2DMode":false,"pivot":{"x":0.07322289794683457,"y":-0.03978431224822998,"z":0.17873603105545045},"rotation":{"x":-0.4109688103199005,"y":-0.09517203271389008,"z":0.04318761080503464,"w":-0.9056395292282105},"size":4.454765319824219,"orthographic":false}